,course_title,start_date,students_number
0,Java-разработчик c нуля,2016-03-01,0
1,Java-разработчик c нуля,2016-04-01,0
2,Java-разработчик c нуля,2016-05-01,0
3,Java-разработчик c нуля,2016-06-01,0
4,Java-разработчик c нуля,2016-07-01,0
5,Java-разработчик c нуля,2016-08-01,0
6,Java-разработчик c нуля,2016-09-01,0
7,Java-разработчик c нуля,2016-10-01,0
8,Java-разработчик c нуля,2016-11-01,0
9,Java-разработчик c нуля,2016-12-01,0
10,Java-разработчик c нуля,2017-01-01,0
11,Java-разработчик c нуля,2017-02-01,0
12,Java-разработчик c нуля,2017-03-01,0
13,Java-разработчик c нуля,2017-04-01,0
14,Java-разработчик c нуля,2017-05-01,0
15,Java-разработчик c нуля,2017-06-01,0
16,Java-разработчик c нуля,2017-07-01,0
17,Java-разработчик c нуля,2017-08-01,0
18,Java-разработчик c нуля,2017-09-01,0
19,Java-разработчик c нуля,2017-10-01,0
20,Java-разработчик c нуля,2017-11-01,0
21,Java-разработчик c нуля,2017-12-01,0
22,Java-разработчик c нуля,2018-01-01,0
23,Java-разработчик c нуля,2018-02-01,0
24,Java-разработчик c нуля,2018-03-01,0
25,Java-разработчик c нуля,2018-04-01,0
26,Java-разработчик c нуля,2018-05-01,0
27,Java-разработчик c нуля,2018-06-01,0
28,Java-разработчик c нуля,2018-07-01,0
29,Java-разработчик c нуля,2018-08-01,0
30,Java-разработчик c нуля,2018-09-01,0
31,Java-разработчик c нуля,2018-10-01,0
32,Java-разработчик c нуля,2018-11-01,0
33,Java-разработчик c нуля,2018-12-01,0
34,Java-разработчик c нуля,2019-01-01,0
35,Java-разработчик c нуля,2019-02-01,0
36,Java-разработчик c нуля,2019-03-01,165
37,Java-разработчик c нуля,2019-04-01,195
38,Java-разработчик c нуля,2019-05-01,208
39,Java-разработчик c нуля,2019-06-01,276
40,Java-разработчик c нуля,2019-07-01,269
41,Веб-дизайн Базовый,2016-03-01,0
42,Веб-дизайн Базовый,2016-04-01,0
43,Веб-дизайн Базовый,2016-05-01,0
44,Веб-дизайн Базовый,2016-06-01,0
45,Веб-дизайн Базовый,2016-07-01,0
46,Веб-дизайн Базовый,2016-08-01,0
47,Веб-дизайн Базовый,2016-09-01,0
48,Веб-дизайн Базовый,2016-10-01,0
49,Веб-дизайн Базовый,2016-11-01,0
50,Веб-дизайн Базовый,2016-12-01,0
51,Веб-дизайн Базовый,2017-01-01,1
52,Веб-дизайн Базовый,2017-02-01,1
53,Веб-дизайн Базовый,2017-03-01,2
54,Веб-дизайн Базовый,2017-04-01,1
55,Веб-дизайн Базовый,2017-05-01,1
56,Веб-дизайн Базовый,2017-06-01,2
57,Веб-дизайн Базовый,2017-07-01,1
58,Веб-дизайн Базовый,2017-08-01,0
59,Веб-дизайн Базовый,2017-09-01,0
60,Веб-дизайн Базовый,2017-10-01,0
61,Веб-дизайн Базовый,2017-11-01,0
62,Веб-дизайн Базовый,2017-12-01,0
63,Веб-дизайн Базовый,2018-01-01,31
64,Веб-дизайн Базовый,2018-02-01,109
65,Веб-дизайн Базовый,2018-03-01,163
66,Веб-дизайн Базовый,2018-04-01,207
67,Веб-дизайн Базовый,2018-05-01,242
68,Веб-дизайн Базовый,2018-06-01,245
69,Веб-дизайн Базовый,2018-07-01,219
70,Веб-дизайн Базовый,2018-08-01,156
71,Веб-дизайн Базовый,2018-09-01,122
72,Веб-дизайн Базовый,2018-10-01,111
73,Веб-дизайн Базовый,2018-11-01,82
74,Веб-дизайн Базовый,2018-12-01,74
75,Веб-дизайн Базовый,2019-01-01,62
76,Веб-дизайн Базовый,2019-02-01,49
77,Веб-дизайн Базовый,2019-03-01,37
78,Веб-дизайн Базовый,2019-04-01,42
79,Веб-дизайн Базовый,2019-05-01,31
80,Веб-дизайн Базовый,2019-06-01,22
81,Веб-дизайн Базовый,2019-07-01,16
82,Excel Базовый,2016-03-01,0
83,Excel Базовый,2016-04-01,0
84,Excel Базовый,2016-05-01,0
85,Excel Базовый,2016-06-01,0
86,Excel Базовый,2016-07-01,0
87,Excel Базовый,2016-08-01,0
88,Excel Базовый,2016-09-01,0
89,Excel Базовый,2016-10-01,0
90,Excel Базовый,2016-11-01,0
91,Excel Базовый,2016-12-01,0
92,Excel Базовый,2017-01-01,0
93,Excel Базовый,2017-02-01,0
94,Excel Базовый,2017-03-01,0
95,Excel Базовый,2017-04-01,0
96,Excel Базовый,2017-05-01,0
97,Excel Базовый,2017-06-01,0
98,Excel Базовый,2017-07-01,0
99,Excel Базовый,2017-08-01,0
100,Excel Базовый,2017-09-01,0
101,Excel Базовый,2017-10-01,0
102,Excel Базовый,2017-11-01,0
103,Excel Базовый,2017-12-01,0
104,Excel Базовый,2018-01-01,3
105,Excel Базовый,2018-02-01,9
106,Excel Базовый,2018-03-01,5
107,Excel Базовый,2018-04-01,3
108,Excel Базовый,2018-05-01,8
109,Excel Базовый,2018-06-01,44
110,Excel Базовый,2018-07-01,45
111,Excel Базовый,2018-08-01,72
112,Excel Базовый,2018-09-01,102
113,Excel Базовый,2018-10-01,122
114,Excel Базовый,2018-11-01,127
115,Excel Базовый,2018-12-01,160
116,Excel Базовый,2019-01-01,163
117,Excel Базовый,2019-02-01,173
118,Excel Базовый,2019-03-01,173
119,Excel Базовый,2019-04-01,158
120,Excel Базовый,2019-05-01,148
121,Excel Базовый,2019-06-01,138
122,Excel Базовый,2019-07-01,110
123,Руководитель digital-проектов,2016-03-01,0
124,Руководитель digital-проектов,2016-04-01,0
125,Руководитель digital-проектов,2016-05-01,0
126,Руководитель digital-проектов,2016-06-01,0
127,Руководитель digital-проектов,2016-07-01,0
128,Руководитель digital-проектов,2016-08-01,0
129,Руководитель digital-проектов,2016-09-01,0
130,Руководитель digital-проектов,2016-10-01,0
131,Руководитель digital-проектов,2016-11-01,0
132,Руководитель digital-проектов,2016-12-01,0
133,Руководитель digital-проектов,2017-01-01,0
134,Руководитель digital-проектов,2017-02-01,0
135,Руководитель digital-проектов,2017-03-01,0
136,Руководитель digital-проектов,2017-04-01,0
137,Руководитель digital-проектов,2017-05-01,1
138,Руководитель digital-проектов,2017-06-01,1
139,Руководитель digital-проектов,2017-07-01,1
140,Руководитель digital-проектов,2017-08-01,1
141,Руководитель digital-проектов,2017-09-01,3
142,Руководитель digital-проектов,2017-10-01,3
143,Руководитель digital-проектов,2017-11-01,2
144,Руководитель digital-проектов,2017-12-01,2
145,Руководитель digital-проектов,2018-01-01,34
146,Руководитель digital-проектов,2018-02-01,90
147,Руководитель digital-проектов,2018-03-01,109
148,Руководитель digital-проектов,2018-04-01,102
149,Руководитель digital-проектов,2018-05-01,102
150,Руководитель digital-проектов,2018-06-01,98
151,Руководитель digital-проектов,2018-07-01,119
152,Руководитель digital-проектов,2018-08-01,116
153,Руководитель digital-проектов,2018-09-01,108
154,Руководитель digital-проектов,2018-10-01,124
155,Руководитель digital-проектов,2018-11-01,121
156,Руководитель digital-проектов,2018-12-01,156
157,Руководитель digital-проектов,2019-01-01,162
158,Руководитель digital-проектов,2019-02-01,154
159,Руководитель digital-проектов,2019-03-01,160
160,Руководитель digital-проектов,2019-04-01,127
161,Руководитель digital-проектов,2019-05-01,133
162,Руководитель digital-проектов,2019-06-01,114
163,Руководитель digital-проектов,2019-07-01,95
164,Веб-вёрстка для начинающих 2.0,2016-03-01,0
165,Веб-вёрстка для начинающих 2.0,2016-04-01,0
166,Веб-вёрстка для начинающих 2.0,2016-05-01,0
167,Веб-вёрстка для начинающих 2.0,2016-06-01,0
168,Веб-вёрстка для начинающих 2.0,2016-07-01,0
169,Веб-вёрстка для начинающих 2.0,2016-08-01,0
170,Веб-вёрстка для начинающих 2.0,2016-09-01,0
171,Веб-вёрстка для начинающих 2.0,2016-10-01,0
172,Веб-вёрстка для начинающих 2.0,2016-11-01,0
173,Веб-вёрстка для начинающих 2.0,2016-12-01,0
174,Веб-вёрстка для начинающих 2.0,2017-01-01,0
175,Веб-вёрстка для начинающих 2.0,2017-02-01,0
176,Веб-вёрстка для начинающих 2.0,2017-03-01,0
177,Веб-вёрстка для начинающих 2.0,2017-04-01,0
178,Веб-вёрстка для начинающих 2.0,2017-05-01,0
179,Веб-вёрстка для начинающих 2.0,2017-06-01,0
180,Веб-вёрстка для начинающих 2.0,2017-07-01,0
181,Веб-вёрстка для начинающих 2.0,2017-08-01,0
182,Веб-вёрстка для начинающих 2.0,2017-09-01,0
183,Веб-вёрстка для начинающих 2.0,2017-10-01,0
184,Веб-вёрстка для начинающих 2.0,2017-11-01,0
185,Веб-вёрстка для начинающих 2.0,2017-12-01,0
186,Веб-вёрстка для начинающих 2.0,2018-01-01,0
187,Веб-вёрстка для начинающих 2.0,2018-02-01,0
188,Веб-вёрстка для начинающих 2.0,2018-03-01,0
189,Веб-вёрстка для начинающих 2.0,2018-04-01,0
190,Веб-вёрстка для начинающих 2.0,2018-05-01,0
191,Веб-вёрстка для начинающих 2.0,2018-06-01,0
192,Веб-вёрстка для начинающих 2.0,2018-07-01,736
193,Веб-вёрстка для начинающих 2.0,2018-08-01,281
194,Веб-вёрстка для начинающих 2.0,2018-09-01,334
195,Веб-вёрстка для начинающих 2.0,2018-10-01,262
196,Веб-вёрстка для начинающих 2.0,2018-11-01,280
197,Веб-вёрстка для начинающих 2.0,2018-12-01,370
198,Веб-вёрстка для начинающих 2.0,2019-01-01,362
199,Веб-вёрстка для начинающих 2.0,2019-02-01,310
200,Веб-вёрстка для начинающих 2.0,2019-03-01,319
201,Веб-вёрстка для начинающих 2.0,2019-04-01,295
202,Веб-вёрстка для начинающих 2.0,2019-05-01,288
203,Веб-вёрстка для начинающих 2.0,2019-06-01,287
204,Веб-вёрстка для начинающих 2.0,2019-07-01,241
205,JavaScript с нуля,2016-03-01,0
206,JavaScript с нуля,2016-04-01,0
207,JavaScript с нуля,2016-05-01,0
208,JavaScript с нуля,2016-06-01,0
209,JavaScript с нуля,2016-07-01,0
210,JavaScript с нуля,2016-08-01,0
211,JavaScript с нуля,2016-09-01,0
212,JavaScript с нуля,2016-10-01,0
213,JavaScript с нуля,2016-11-01,0
214,JavaScript с нуля,2016-12-01,0
215,JavaScript с нуля,2017-01-01,0
216,JavaScript с нуля,2017-02-01,0
217,JavaScript с нуля,2017-03-01,0
218,JavaScript с нуля,2017-04-01,0
219,JavaScript с нуля,2017-05-01,0
220,JavaScript с нуля,2017-06-01,0
221,JavaScript с нуля,2017-07-01,0
222,JavaScript с нуля,2017-08-01,0
223,JavaScript с нуля,2017-09-01,0
224,JavaScript с нуля,2017-10-01,0
225,JavaScript с нуля,2017-11-01,0
226,JavaScript с нуля,2017-12-01,0
227,JavaScript с нуля,2018-01-01,0
228,JavaScript с нуля,2018-02-01,3
229,JavaScript с нуля,2018-03-01,10
230,JavaScript с нуля,2018-04-01,9
231,JavaScript с нуля,2018-05-01,31
232,JavaScript с нуля,2018-06-01,55
233,JavaScript с нуля,2018-07-01,77
234,JavaScript с нуля,2018-08-01,95
235,JavaScript с нуля,2018-09-01,104
236,JavaScript с нуля,2018-10-01,154
237,JavaScript с нуля,2018-11-01,181
238,JavaScript с нуля,2018-12-01,257
239,JavaScript с нуля,2019-01-01,209
240,JavaScript с нуля,2019-02-01,183
241,JavaScript с нуля,2019-03-01,158
242,JavaScript с нуля,2019-04-01,151
243,JavaScript с нуля,2019-05-01,177
244,JavaScript с нуля,2019-06-01,158
245,JavaScript с нуля,2019-07-01,118
246,Анимация интерфейсов,2016-03-01,0
247,Анимация интерфейсов,2016-04-01,0
248,Анимация интерфейсов,2016-05-01,0
249,Анимация интерфейсов,2016-06-01,0
250,Анимация интерфейсов,2016-07-01,0
251,Анимация интерфейсов,2016-08-01,0
252,Анимация интерфейсов,2016-09-01,0
253,Анимация интерфейсов,2016-10-01,0
254,Анимация интерфейсов,2016-11-01,0
255,Анимация интерфейсов,2016-12-01,0
256,Анимация интерфейсов,2017-01-01,0
257,Анимация интерфейсов,2017-02-01,0
258,Анимация интерфейсов,2017-03-01,0
259,Анимация интерфейсов,2017-04-01,0
260,Анимация интерфейсов,2017-05-01,0
261,Анимация интерфейсов,2017-06-01,0
262,Анимация интерфейсов,2017-07-01,1
263,Анимация интерфейсов,2017-08-01,0
264,Анимация интерфейсов,2017-09-01,1
265,Анимация интерфейсов,2017-10-01,1
266,Анимация интерфейсов,2017-11-01,0
267,Анимация интерфейсов,2017-12-01,0
268,Анимация интерфейсов,2018-01-01,9
269,Анимация интерфейсов,2018-02-01,33
270,Анимация интерфейсов,2018-03-01,39
271,Анимация интерфейсов,2018-04-01,34
272,Анимация интерфейсов,2018-05-01,41
273,Анимация интерфейсов,2018-06-01,162
274,Анимация интерфейсов,2018-07-01,143
275,Анимация интерфейсов,2018-08-01,105
276,Анимация интерфейсов,2018-09-01,110
277,Анимация интерфейсов,2018-10-01,81
278,Анимация интерфейсов,2018-11-01,85
279,Анимация интерфейсов,2018-12-01,120
280,Анимация интерфейсов,2019-01-01,112
281,Анимация интерфейсов,2019-02-01,80
282,Анимация интерфейсов,2019-03-01,73
283,Анимация интерфейсов,2019-04-01,46
284,Анимация интерфейсов,2019-05-01,46
285,Анимация интерфейсов,2019-06-01,49
286,Анимация интерфейсов,2019-07-01,34
287,Веб-дизайн PRO 2.0,2016-03-01,0
288,Веб-дизайн PRO 2.0,2016-04-01,0
289,Веб-дизайн PRO 2.0,2016-05-01,0
290,Веб-дизайн PRO 2.0,2016-06-01,0
291,Веб-дизайн PRO 2.0,2016-07-01,0
292,Веб-дизайн PRO 2.0,2016-08-01,0
293,Веб-дизайн PRO 2.0,2016-09-01,0
294,Веб-дизайн PRO 2.0,2016-10-01,0
295,Веб-дизайн PRO 2.0,2016-11-01,0
296,Веб-дизайн PRO 2.0,2016-12-01,0
297,Веб-дизайн PRO 2.0,2017-01-01,0
298,Веб-дизайн PRO 2.0,2017-02-01,0
299,Веб-дизайн PRO 2.0,2017-03-01,0
300,Веб-дизайн PRO 2.0,2017-04-01,0
301,Веб-дизайн PRO 2.0,2017-05-01,0
302,Веб-дизайн PRO 2.0,2017-06-01,0
303,Веб-дизайн PRO 2.0,2017-07-01,0
304,Веб-дизайн PRO 2.0,2017-08-01,0
305,Веб-дизайн PRO 2.0,2017-09-01,0
306,Веб-дизайн PRO 2.0,2017-10-01,0
307,Веб-дизайн PRO 2.0,2017-11-01,0
308,Веб-дизайн PRO 2.0,2017-12-01,0
309,Веб-дизайн PRO 2.0,2018-01-01,0
310,Веб-дизайн PRO 2.0,2018-02-01,0
311,Веб-дизайн PRO 2.0,2018-03-01,0
312,Веб-дизайн PRO 2.0,2018-04-01,0
313,Веб-дизайн PRO 2.0,2018-05-01,0
314,Веб-дизайн PRO 2.0,2018-06-01,194
315,Веб-дизайн PRO 2.0,2018-07-01,278
316,Веб-дизайн PRO 2.0,2018-08-01,275
317,Веб-дизайн PRO 2.0,2018-09-01,272
318,Веб-дизайн PRO 2.0,2018-10-01,266
319,Веб-дизайн PRO 2.0,2018-11-01,251
320,Веб-дизайн PRO 2.0,2018-12-01,411
321,Веб-дизайн PRO 2.0,2019-01-01,396
322,Веб-дизайн PRO 2.0,2019-02-01,257
323,Веб-дизайн PRO 2.0,2019-03-01,245
324,Веб-дизайн PRO 2.0,2019-04-01,244
325,Веб-дизайн PRO 2.0,2019-05-01,251
326,Веб-дизайн PRO 2.0,2019-06-01,257
327,Веб-дизайн PRO 2.0,2019-07-01,220
328,UX-дизайн,2016-03-01,0
329,UX-дизайн,2016-04-01,0
330,UX-дизайн,2016-05-01,0
331,UX-дизайн,2016-06-01,0
332,UX-дизайн,2016-07-01,0
333,UX-дизайн,2016-08-01,0
334,UX-дизайн,2016-09-01,0
335,UX-дизайн,2016-10-01,0
336,UX-дизайн,2016-11-01,2
337,UX-дизайн,2016-12-01,0
338,UX-дизайн,2017-01-01,2
339,UX-дизайн,2017-02-01,1
340,UX-дизайн,2017-03-01,1
341,UX-дизайн,2017-04-01,1
342,UX-дизайн,2017-05-01,2
343,UX-дизайн,2017-06-01,2
344,UX-дизайн,2017-07-01,2
345,UX-дизайн,2017-08-01,3
346,UX-дизайн,2017-09-01,3
347,UX-дизайн,2017-10-01,3
348,UX-дизайн,2017-11-01,2
349,UX-дизайн,2017-12-01,2
350,UX-дизайн,2018-01-01,43
351,UX-дизайн,2018-02-01,112
352,UX-дизайн,2018-03-01,150
353,UX-дизайн,2018-04-01,162
354,UX-дизайн,2018-05-01,166
355,UX-дизайн,2018-06-01,274
356,UX-дизайн,2018-07-01,264
357,UX-дизайн,2018-08-01,219
358,UX-дизайн,2018-09-01,238
359,UX-дизайн,2018-10-01,203
360,UX-дизайн,2018-11-01,175
361,UX-дизайн,2018-12-01,244
362,UX-дизайн,2019-01-01,231
363,UX-дизайн,2019-02-01,174
364,UX-дизайн,2019-03-01,180
365,UX-дизайн,2019-04-01,148
366,UX-дизайн,2019-05-01,148
367,UX-дизайн,2019-06-01,165
368,UX-дизайн,2019-07-01,137
369,Интернет-маркетолог от Ingate,2016-03-01,0
370,Интернет-маркетолог от Ingate,2016-04-01,0
371,Интернет-маркетолог от Ingate,2016-05-01,0
372,Интернет-маркетолог от Ingate,2016-06-01,0
373,Интернет-маркетолог от Ingate,2016-07-01,0
374,Интернет-маркетолог от Ingate,2016-08-01,0
375,Интернет-маркетолог от Ingate,2016-09-01,0
376,Интернет-маркетолог от Ingate,2016-10-01,0
377,Интернет-маркетолог от Ingate,2016-11-01,0
378,Интернет-маркетолог от Ingate,2016-12-01,0
379,Интернет-маркетолог от Ingate,2017-01-01,0
380,Интернет-маркетолог от Ingate,2017-02-01,0
381,Интернет-маркетолог от Ingate,2017-03-01,0
382,Интернет-маркетолог от Ingate,2017-04-01,0
383,Интернет-маркетолог от Ingate,2017-05-01,0
384,Интернет-маркетолог от Ingate,2017-06-01,0
385,Интернет-маркетолог от Ingate,2017-07-01,0
386,Интернет-маркетолог от Ingate,2017-08-01,1
387,Интернет-маркетолог от Ingate,2017-09-01,1
388,Интернет-маркетолог от Ingate,2017-10-01,1
389,Интернет-маркетолог от Ingate,2017-11-01,1
390,Интернет-маркетолог от Ingate,2017-12-01,2
391,Интернет-маркетолог от Ingate,2018-01-01,43
392,Интернет-маркетолог от Ingate,2018-02-01,127
393,Интернет-маркетолог от Ingate,2018-03-01,211
394,Интернет-маркетолог от Ingate,2018-04-01,211
395,Интернет-маркетолог от Ingate,2018-05-01,250
396,Интернет-маркетолог от Ingate,2018-06-01,264
397,Интернет-маркетолог от Ingate,2018-07-01,288
398,Интернет-маркетолог от Ingate,2018-08-01,338
399,Интернет-маркетолог от Ingate,2018-09-01,357
400,Интернет-маркетолог от Ingate,2018-10-01,376
401,Интернет-маркетолог от Ingate,2018-11-01,383
402,Интернет-маркетолог от Ingate,2018-12-01,472
403,Интернет-маркетолог от Ingate,2019-01-01,514
404,Интернет-маркетолог от Ingate,2019-02-01,532
405,Интернет-маркетолог от Ingate,2019-03-01,638
406,Интернет-маркетолог от Ingate,2019-04-01,631
407,Интернет-маркетолог от Ingate,2019-05-01,583
408,Интернет-маркетолог от Ingate,2019-06-01,586
409,Интернет-маркетолог от Ingate,2019-07-01,505
410,Веб-дизайн с нуля 2.0,2016-03-01,0
411,Веб-дизайн с нуля 2.0,2016-04-01,0
412,Веб-дизайн с нуля 2.0,2016-05-01,0
413,Веб-дизайн с нуля 2.0,2016-06-01,0
414,Веб-дизайн с нуля 2.0,2016-07-01,0
415,Веб-дизайн с нуля 2.0,2016-08-01,0
416,Веб-дизайн с нуля 2.0,2016-09-01,0
417,Веб-дизайн с нуля 2.0,2016-10-01,0
418,Веб-дизайн с нуля 2.0,2016-11-01,0
419,Веб-дизайн с нуля 2.0,2016-12-01,0
420,Веб-дизайн с нуля 2.0,2017-01-01,0
421,Веб-дизайн с нуля 2.0,2017-02-01,0
422,Веб-дизайн с нуля 2.0,2017-03-01,0
423,Веб-дизайн с нуля 2.0,2017-04-01,0
424,Веб-дизайн с нуля 2.0,2017-05-01,0
425,Веб-дизайн с нуля 2.0,2017-06-01,0
426,Веб-дизайн с нуля 2.0,2017-07-01,0
427,Веб-дизайн с нуля 2.0,2017-08-01,0
428,Веб-дизайн с нуля 2.0,2017-09-01,0
429,Веб-дизайн с нуля 2.0,2017-10-01,0
430,Веб-дизайн с нуля 2.0,2017-11-01,0
431,Веб-дизайн с нуля 2.0,2017-12-01,0
432,Веб-дизайн с нуля 2.0,2018-01-01,0
433,Веб-дизайн с нуля 2.0,2018-02-01,0
434,Веб-дизайн с нуля 2.0,2018-03-01,0
435,Веб-дизайн с нуля 2.0,2018-04-01,0
436,Веб-дизайн с нуля 2.0,2018-05-01,0
437,Веб-дизайн с нуля 2.0,2018-06-01,65
438,Веб-дизайн с нуля 2.0,2018-07-01,202
439,Веб-дизайн с нуля 2.0,2018-08-01,299
440,Веб-дизайн с нуля 2.0,2018-09-01,370
441,Веб-дизайн с нуля 2.0,2018-10-01,441
442,Веб-дизайн с нуля 2.0,2018-11-01,497
443,Веб-дизайн с нуля 2.0,2018-12-01,685
444,Веб-дизайн с нуля 2.0,2019-01-01,792
445,Веб-дизайн с нуля 2.0,2019-02-01,707
446,Веб-дизайн с нуля 2.0,2019-03-01,710
447,Веб-дизайн с нуля 2.0,2019-04-01,639
448,Веб-дизайн с нуля 2.0,2019-05-01,610
449,Веб-дизайн с нуля 2.0,2019-06-01,540
450,Веб-дизайн с нуля 2.0,2019-07-01,492
451,Веб-разработчик,2016-03-01,1
452,Веб-разработчик,2016-04-01,0
453,Веб-разработчик,2016-05-01,0
454,Веб-разработчик,2016-06-01,0
455,Веб-разработчик,2016-07-01,0
456,Веб-разработчик,2016-08-01,0
457,Веб-разработчик,2016-09-01,0
458,Веб-разработчик,2016-10-01,0
459,Веб-разработчик,2016-11-01,0
460,Веб-разработчик,2016-12-01,0
461,Веб-разработчик,2017-01-01,1
462,Веб-разработчик,2017-02-01,0
463,Веб-разработчик,2017-03-01,0
464,Веб-разработчик,2017-04-01,1
465,Веб-разработчик,2017-05-01,1
466,Веб-разработчик,2017-06-01,1
467,Веб-разработчик,2017-07-01,1
468,Веб-разработчик,2017-08-01,1
469,Веб-разработчик,2017-09-01,0
470,Веб-разработчик,2017-10-01,0
471,Веб-разработчик,2017-11-01,1
472,Веб-разработчик,2017-12-01,0
473,Веб-разработчик,2018-01-01,14
474,Веб-разработчик,2018-02-01,127
475,Веб-разработчик,2018-03-01,146
476,Веб-разработчик,2018-04-01,154
477,Веб-разработчик,2018-05-01,175
478,Веб-разработчик,2018-06-01,173
479,Веб-разработчик,2018-07-01,126
480,Веб-разработчик,2018-08-01,72
481,Веб-разработчик,2018-09-01,58
482,Веб-разработчик,2018-10-01,57
483,Веб-разработчик,2018-11-01,58
484,Веб-разработчик,2018-12-01,42
485,Веб-разработчик,2019-01-01,38
486,Веб-разработчик,2019-02-01,36
487,Веб-разработчик,2019-03-01,29
488,Веб-разработчик,2019-04-01,19
489,Веб-разработчик,2019-05-01,27
490,Веб-разработчик,2019-06-01,23
491,Веб-разработчик,2019-07-01,12
492,SMM-маркетолог от А до Я,2016-03-01,0
493,SMM-маркетолог от А до Я,2016-04-01,0
494,SMM-маркетолог от А до Я,2016-05-01,0
495,SMM-маркетолог от А до Я,2016-06-01,0
496,SMM-маркетолог от А до Я,2016-07-01,0
497,SMM-маркетолог от А до Я,2016-08-01,0
498,SMM-маркетолог от А до Я,2016-09-01,0
499,SMM-маркетолог от А до Я,2016-10-01,0
500,SMM-маркетолог от А до Я,2016-11-01,0
501,SMM-маркетолог от А до Я,2016-12-01,0
502,SMM-маркетолог от А до Я,2017-01-01,0
503,SMM-маркетолог от А до Я,2017-02-01,0
504,SMM-маркетолог от А до Я,2017-03-01,0
505,SMM-маркетолог от А до Я,2017-04-01,0
506,SMM-маркетолог от А до Я,2017-05-01,0
507,SMM-маркетолог от А до Я,2017-06-01,0
508,SMM-маркетолог от А до Я,2017-07-01,0
509,SMM-маркетолог от А до Я,2017-08-01,0
510,SMM-маркетолог от А до Я,2017-09-01,0
511,SMM-маркетолог от А до Я,2017-10-01,0
512,SMM-маркетолог от А до Я,2017-11-01,0
513,SMM-маркетолог от А до Я,2017-12-01,0
514,SMM-маркетолог от А до Я,2018-01-01,0
515,SMM-маркетолог от А до Я,2018-02-01,0
516,SMM-маркетолог от А до Я,2018-03-01,0
517,SMM-маркетолог от А до Я,2018-04-01,0
518,SMM-маркетолог от А до Я,2018-05-01,0
519,SMM-маркетолог от А до Я,2018-06-01,0
520,SMM-маркетолог от А до Я,2018-07-01,0
521,SMM-маркетолог от А до Я,2018-08-01,0
522,SMM-маркетолог от А до Я,2018-09-01,0
523,SMM-маркетолог от А до Я,2018-10-01,33
524,SMM-маркетолог от А до Я,2018-11-01,49
525,SMM-маркетолог от А до Я,2018-12-01,101
526,SMM-маркетолог от А до Я,2019-01-01,104
527,SMM-маркетолог от А до Я,2019-02-01,128
528,SMM-маркетолог от А до Я,2019-03-01,116
529,SMM-маркетолог от А до Я,2019-04-01,130
530,SMM-маркетолог от А до Я,2019-05-01,164
531,SMM-маркетолог от А до Я,2019-06-01,196
532,SMM-маркетолог от А до Я,2019-07-01,198
533,PHP-разработчик с 0 до PRO. Часть 1,2016-03-01,0
534,PHP-разработчик с 0 до PRO. Часть 1,2016-04-01,0
535,PHP-разработчик с 0 до PRO. Часть 1,2016-05-01,0
536,PHP-разработчик с 0 до PRO. Часть 1,2016-06-01,0
537,PHP-разработчик с 0 до PRO. Часть 1,2016-07-01,0
538,PHP-разработчик с 0 до PRO. Часть 1,2016-08-01,0
539,PHP-разработчик с 0 до PRO. Часть 1,2016-09-01,0
540,PHP-разработчик с 0 до PRO. Часть 1,2016-10-01,0
541,PHP-разработчик с 0 до PRO. Часть 1,2016-11-01,0
542,PHP-разработчик с 0 до PRO. Часть 1,2016-12-01,0
543,PHP-разработчик с 0 до PRO. Часть 1,2017-01-01,0
544,PHP-разработчик с 0 до PRO. Часть 1,2017-02-01,0
545,PHP-разработчик с 0 до PRO. Часть 1,2017-03-01,0
546,PHP-разработчик с 0 до PRO. Часть 1,2017-04-01,0
547,PHP-разработчик с 0 до PRO. Часть 1,2017-05-01,0
548,PHP-разработчик с 0 до PRO. Часть 1,2017-06-01,0
549,PHP-разработчик с 0 до PRO. Часть 1,2017-07-01,0
550,PHP-разработчик с 0 до PRO. Часть 1,2017-08-01,0
551,PHP-разработчик с 0 до PRO. Часть 1,2017-09-01,0
552,PHP-разработчик с 0 до PRO. Часть 1,2017-10-01,0
553,PHP-разработчик с 0 до PRO. Часть 1,2017-11-01,0
554,PHP-разработчик с 0 до PRO. Часть 1,2017-12-01,0
555,PHP-разработчик с 0 до PRO. Часть 1,2018-01-01,0
556,PHP-разработчик с 0 до PRO. Часть 1,2018-02-01,0
557,PHP-разработчик с 0 до PRO. Часть 1,2018-03-01,11
558,PHP-разработчик с 0 до PRO. Часть 1,2018-04-01,13
559,PHP-разработчик с 0 до PRO. Часть 1,2018-05-01,34
560,PHP-разработчик с 0 до PRO. Часть 1,2018-06-01,52
561,PHP-разработчик с 0 до PRO. Часть 1,2018-07-01,81
562,PHP-разработчик с 0 до PRO. Часть 1,2018-08-01,98
563,PHP-разработчик с 0 до PRO. Часть 1,2018-09-01,107
564,PHP-разработчик с 0 до PRO. Часть 1,2018-10-01,126
565,PHP-разработчик с 0 до PRO. Часть 1,2018-11-01,139
566,PHP-разработчик с 0 до PRO. Часть 1,2018-12-01,194
567,PHP-разработчик с 0 до PRO. Часть 1,2019-01-01,142
568,PHP-разработчик с 0 до PRO. Часть 1,2019-02-01,87
569,PHP-разработчик с 0 до PRO. Часть 1,2019-03-01,91
570,PHP-разработчик с 0 до PRO. Часть 1,2019-04-01,84
571,PHP-разработчик с 0 до PRO. Часть 1,2019-05-01,95
572,PHP-разработчик с 0 до PRO. Часть 1,2019-06-01,84
573,PHP-разработчик с 0 до PRO. Часть 1,2019-07-01,93
574,Java-разработчик,2016-03-01,0
575,Java-разработчик,2016-04-01,0
576,Java-разработчик,2016-05-01,0
577,Java-разработчик,2016-06-01,0
578,Java-разработчик,2016-07-01,0
579,Java-разработчик,2016-08-01,0
580,Java-разработчик,2016-09-01,0
581,Java-разработчик,2016-10-01,0
582,Java-разработчик,2016-11-01,0
583,Java-разработчик,2016-12-01,0
584,Java-разработчик,2017-01-01,0
585,Java-разработчик,2017-02-01,0
586,Java-разработчик,2017-03-01,0
587,Java-разработчик,2017-04-01,0
588,Java-разработчик,2017-05-01,0
589,Java-разработчик,2017-06-01,0
590,Java-разработчик,2017-07-01,0
591,Java-разработчик,2017-08-01,0
592,Java-разработчик,2017-09-01,0
593,Java-разработчик,2017-10-01,0
594,Java-разработчик,2017-11-01,0
595,Java-разработчик,2017-12-01,0
596,Java-разработчик,2018-01-01,8
597,Java-разработчик,2018-02-01,30
598,Java-разработчик,2018-03-01,38
599,Java-разработчик,2018-04-01,46
600,Java-разработчик,2018-05-01,51
601,Java-разработчик,2018-06-01,87
602,Java-разработчик,2018-07-01,116
603,Java-разработчик,2018-08-01,126
604,Java-разработчик,2018-09-01,133
605,Java-разработчик,2018-10-01,136
606,Java-разработчик,2018-11-01,128
607,Java-разработчик,2018-12-01,263
608,Java-разработчик,2019-01-01,279
609,Java-разработчик,2019-02-01,261
610,Java-разработчик,2019-03-01,259
611,Java-разработчик,2019-04-01,184
612,Java-разработчик,2019-05-01,137
613,Java-разработчик,2019-06-01,106
614,Java-разработчик,2019-07-01,58
